id,xmin,xmax,ymin,ymax
0,-4.9747,3.695,-1.173,1.5807
1,3.695,9.725,-1.173,7.4508
2,7.188,9.725,-17.575,-1.173
3,4.5311,7.188,-6.6428,-1.173
4,-0.15529,7.188,-17.575,-6.6428
5,-0.15529,4.5311,-6.6428,-1.173